Gemeenten,Jaar,totaal_co2,totaal_co2_ext_weg,co2_woningen,co2_gasgebruik,co2_elek,co2_gebouwde_omg
Aa en Hunze,2017,197900,171900,52746,,51245,86166
Aalsmeer,2017,244500,244500,50028,105881,104183,
Aalten,2017,127400,127400,46738,47121,44332,69423
Achtkarspelen,2017,150000,150000,48105,64327,44623,66715
Alblasserdam,2017,147900,133600,27348,48087,60591,55535
Albrandswaard,2017,115100,110000,37524,,37059,66695
Alkmaar,2017,554800,551400,162909,,222808,300415
Almelo,2017,544300,493700,120702,149546,265697,220422
Almere,2017,801300,672800,226272,121059,324225,415207
Alphen aan den Rijn,2017,468200,434900,161904,156851,165426,279896
Alphen-Chaam,2017,66800,66800,20273,24349,19868,29777
Altena,2017,398300,308900,90533,94494,102780,133772
Ameland,2017,35100,35100,7329,13432,10975,22935
Amersfoort,2017,749300,574300,217656,207300,238978,419428
Amstelveen,2017,,,142976,,164158,
Amsterdam,2017,4382400,4090500,1097753,1387266,1959045,2918580
Apeldoorn,2017,1156200,879100,265229,348312,361620,544011
Arnhem,2017,928900,742700,232885,241809,306503,487788
Assen,2017,337600,291600,110088,116866,106799,202226
Asten,2017,256700,207400,29334,127917,52287,51537
Baarle-Nassau,2017,65600,65600,12632,,33799,22204
Baarn,2017,151200,114000,48982,50028,35473,79772
Barendrecht,2017,,,68604,,97526,132974
Barneveld,2017,468100,331500,90580,114282,138003,187674
Beek,2017,131900,91600,31081,,37948,
Beekdaelen,2017,194700,167800,75030,,56848,
Beemster,2017,130900,78100,16366,,24489,24740
Beesel,2017,93300,73000,24213,30260,29918,35906
Berg en Dal,2017,186700,186700,62087,,49214,97775
Bergeijk,2017,112300,112300,36031,38075,43042,58198
Bergen (L.),2017,123400,123100,24683,55432,32655,38887
Bergen (NH.),2017,150000,150000,63836,64648,44897,99390
Bergen op Zoom,2017,,,103981,,331947,190891
Berkelland,2017,320000,320000,81128,136331,108805,122002
Bernheze,2017,215800,151200,53706,49199,57371,78857
Best,2017,231600,171500,49709,48438,93761,105893
Beuningen,2017,216900,141300,43051,51452,47826,65232
Beverwijk,2017,214400,190800,62072,,62894,111653
Bladel,2017,145300,124200,35296,42523,54772,62706
Blaricum,2017,66300,47600,24926,21682,17903,36720
Bloemendaal,2017,111100,109900,51813,48250,38612,82249
Bodegraven-Reeuwijk,2017,294800,158800,55033,56431,70521,98344
Boekel,2017,68000,68000,18327,34063,24025,27836
Borger-Odoorn,2017,131100,129200,54116,54109,37700,76819
Borne,2017,113800,77600,37612,32255,27955,53804
Borsele,2017,,,35006,,235820,73071
Boxmeer,2017,301600,228700,51613,86039,99362,88416
Boxtel,2017,257800,175300,54608,63012,78557,95172
Breda,2017,1073000,830600,280902,290726,346232,547153
Brielle,2017,168200,163800,27798,96353,41695,43112
Bronckhorst,2017,290800,290800,72890,142407,73542,103709
Brummen,2017,401100,398100,37948,276859,84692,59698
Brunssum,2017,119400,118900,53097,,45292,
Bunnik,2017,128000,86600,25683,,33010,51064
Bunschoten,2017,145600,145400,33336,61422,61227,58581
Buren,2017,145500,138100,48441,42944,42145,70143
Capelle aan den IJssel,2017,236400,224100,93298,67174,95335,165734
Castricum,2017,146300,121300,60480,53228,38906,85253
Coevorden,2017,320700,277500,66628,109204,119241,115248
Cranendonck,2017,,,39440,62135,,61971
Cuijk,2017,263800,212200,41593,77667,102060,72299
Culemborg,2017,130800,100800,38893,36636,45656,73597
Dalfsen,2017,169500,167000,49445,53387,55997,71921
Dantumadiel,2017,74100,71500,32529,30282,20204,42871
De Bilt,2017,264000,206000,85048,,71090,149637
De Fryske Marren,2017,429800,339600,87915,,118517,
De Ronde Venen,2017,299700,230200,72786,82317,75253,115822
De Wolden,2017,206700,148400,47149,45382,64470,65780
Delft,2017,556700,502000,138387,205228,232306,308240
Den Haag,2017,1990600,1871000,765006,685048,851322,1494720
Den Helder,2017,319100,319100,90980,105017,146126,
Deurne,2017,220900,188000,58685,73706,67988,91859
Deventer,2017,600900,497300,151252,185691,216623,266369
Diemen,2017,162900,120000,38781,28576,64492,80827
Dinkelland,2017,174000,163200,53060,64053,51270,80685
Doesburg,2017,53200,53200,18561,16787,24127,27601
Doetinchem,2017,360100,324800,94537,132281,136934,171731
Dongen,2017,278700,277500,42237,158724,98000,64208
Dordrecht,2017,680700,573700,176132,188661,250523,338497
Drechterland,2017,106800,106600,32448,44181,33581,44230
Drimmelen,2017,205600,174000,46542,85672,52159,67251
Dronten,2017,276700,248800,60596,64431,86792,113853
Druten,2017,120600,109000,31034,37211,32873,46275
Duiven,2017,146200,108000,36182,21611,49997,68185
Echt-Susteren,2017,260400,181200,62608,,60942,95597
Edam-Volendam,2017,166000,158700,63607,,65417,
Ede,2017,717200,549900,185618,200007,231644,352686
Eemnes,2017,98200,37500,15113,,11873,23662
Eemsdelta,2017,,,87364,,639284,136645
Eersel,2017,144200,104600,35462,36695,40294,58048
Eijsden-Margraten,2017,,,50229,,52200,
Eindhoven,2017,,,362185,,592481,768451
Elburg,2017,131500,100000,36578,39800,35292,60801
Emmen,2017,,,198792,,258108,325514
Enkhuizen,2017,118000,118000,29023,45627,55902,51200
Enschede,2017,764800,725600,253333,261730,315853,461860
Epe,2017,240000,185100,62526,76578,68860,98510
Ermelo,2017,205200,181400,43836,,62226,88905
Etten-Leur,2017,,,70795,,146933,124605
Geertruidenberg,2017,184700,127800,34509,36545,69929,63144
Geldrop-Mierlo,2017,215900,167500,69213,69697,,105947
Gemert-Bakel,2017,174900,174900,52758,60148,69797,79427
Gennep,2017,145500,137700,30971,39115,70636,57232
Gilze en Rijen,2017,185600,142200,42816,47514,64763,81907
Goeree-Overflakkee,2017,326600,295300,78357,92922,88926,145046
Goes,2017,254900,198400,58861,80586,80131,123989
Goirle,2017,93400,84800,40271,,35040,59223
Gooise Meren,2017,405000,256200,113287,111749,94563,186214
Gorinchem,2017,315300,248400,50994,125687,85128,99267
Gouda,2017,306000,305700,99114,138547,121663,181551
Grave,2017,52200,52200,20946,19623,16645,33443
Groningen,2017,,,368645,,420481,
Gulpen-Wittem,2017,82900,82900,29170,32718,25631,45930
Haaksbergen,2017,140000,140000,43033,44169,59724,66052
Haarlem,2017,607000,604300,241306,247673,249051,446263
Haarlemmermeer,2017,1717900,1285800,224879,,681854,831073
Halderberge,2017,183400,162800,53622,63589,61696,82924
Hardenberg,2017,401800,369000,102379,120970,156784,
Harderwijk,2017,271600,221600,68022,87872,86261,130193
Hardinxveld-Giessendam,2017,125700,70800,25793,24877,27882,39051
Harlingen,2017,131600,124300,25349,,38867,45525
Hattem,2017,110300,59700,21114,,21257,31321
Heemskerk,2017,141700,124100,58366,55155,45802,
Heemstede,2017,106300,106300,52538,47723,37971,76484
Heerde,2017,127800,90000,33772,38792,32014,51011
Heerenveen,2017,394400,317700,85393,142877,118933,178853
Heerhugowaard,2017,305600,305600,75569,134839,97161,126805
Heerlen,2017,538700,467600,160389,,209171,
Heeze-Leende,2017,117900,80600,30724,,30826,48759
Heiloo,2017,98900,81500,41213,37399,29224,62172
Hellendoorn,2017,224200,224200,61744,81654,92837,94982
Hellevoetsluis,2017,137900,127900,60158,,48740,86375
Helmond,2017,,,137577,,243496,243643
Hendrik-Ido-Ambacht,2017,118000,93900,40846,37555,34662,58826
Hengelo,2017,750100,689700,141004,444070,175219,252463
Het Hogeland,2017,522700,518600,91371,,248002,
Heumen,2017,102700,77100,29782,25717,22509,43855
Heusden,2017,333200,286500,75714,154353,91398,108928
Hillegom,2017,91500,91500,33402,35776,39573,55985
Hilvarenbeek,2017,90100,83800,28915,27150,30681,46536
Hilversum,2017,415400,384500,155234,159046,157102,298392
Hoeksche Waard,2017,559400,479900,136617,151756,149583,209782
Hof van Twente,2017,239500,238800,65315,,87473,102036
Hollands Kroon,2017,810600,745600,80318,,120911,140645
Hoogeveen,2017,419700,335100,94459,165162,123750,160176
Hoorn,2017,274800,270500,107439,105314,112027,187936
Horst aan de Maas,2017,505700,458600,77159,250412,137981,134128
Houten,2017,238500,209100,65235,,74395,112244
Huizen,2017,160800,148900,70813,,52983,
Hulst,2017,212300,212300,49739,50312,43345,75673
IJsselstein,2017,119700,116900,48592,,45839,72104
Kaag en Braassem,2017,227000,164500,43142,,48689,
Kampen,2017,347900,321400,76576,158528,94062,131174
Kapelle,2017,116600,90100,18757,36884,27272,33045
Katwijk,2017,260800,258200,89428,113706,103094,154951
Kerkrade,2017,293100,290000,89242,127154,128693,
Koggenland,2017,195300,150000,35684,,43273,50002
Krimpen aan den IJssel,2017,94500,94500,43934,39848,37457,65901
Krimpenerwaard,2017,267100,267100,88322,81564,82040,133744
Laarbeek,2017,202700,202700,39383,105987,52101,59717
Landerd,2017,117700,90000,28002,27250,27758,44592
Landgraaf,2017,142400,139600,69009,63555,52735,100427
Landsmeer,2017,,,19086,,12828,26462
Langedijk,2017,117800,117800,41594,49632,38738,61139
Lansingerland,2017,845200,823800,84556,,218215,152405
Laren,2017,95400,59800,29503,,21949,
Leeuwarden,2017,699500,646500,191027,278285,220496,360775
Leiden,2017,541000,487000,168220,157933,226665,359906
Leiderdorp,2017,121400,93500,40366,35048,35772,70489
Leidschendam-Voorburg,2017,324500,256100,120164,111146,90148,
Lelystad,2017,603700,455600,111942,,163101,220728
Leudal,2017,285600,239700,72148,88673,80093,112568
Leusden,2017,153200,125700,48542,45318,43970,82365
Lingewaard,2017,284800,282000,77525,136627,66424,114197
Lisse,2017,89700,89200,34745,33592,36454,58231
Lochem,2017,270900,261100,67133,110654,83121,100438
Loon op Zand,2017,118800,99500,40921,37302,44680,74894
Lopik,2017,94500,94500,23701,21918,24836,34039
Losser,2017,130400,113600,42306,44052,37443,61460
Maasdriel,2017,260500,213000,44716,84350,67991,70055
Maasgouw,2017,181300,141100,49229,58771,53364,72221
Maassluis,2017,95300,95300,46783,39890,34475,65306
Maastricht,2017,,,205332,,368855,
Medemblik,2017,436800,402300,73012,241709,108707,120356
Meerssen,2017,101400,78700,38676,35733,27374,51516
Meierijstad,2017,738100,660800,137086,278795,265505,241447
Meppel,2017,268100,228100,55270,93755,97585,107247
Middelburg,2017,268100,246000,72343,126551,85752,
Midden-Delfland,2017,376900,313700,27428,,83856,45555
Midden-Drenthe,2017,344700,272000,60803,,84107,104457
Midden-Groningen,2017,791200,719800,112378,296525,353102,161369
Mill en Sint Hubert,2017,65700,65700,20756,25162,22636,31303
Moerdijk,2017,,,63777,,479956,157743
Molenlanden,2017,306300,276100,67777,,94607,
Montferland,2017,199800,186200,63583,,67468,
Montfoort,2017,64400,64400,22066,20602,23021,34822
Mook en Middelaar,2017,35800,35800,16453,15477,11399,21822
Neder-Betuwe,2017,275700,189200,37493,59633,55282,61074
Nederweert,2017,104600,104600,32527,34257,40180,49059
Nieuwegein,2017,372800,292800,84399,55261,141204,185092
Nieuwkoop,2017,177600,177600,43844,88645,52352,67725
Nijkerk,2017,272900,241100,64808,88233,106655,125396
Nijmegen,2017,916800,874300,250076,301955,378903,536204
Nissewaard,2017,335000,335000,124920,126856,133461,189122
Noardeast-Fryslân,2017,239000,238000,77391,86070,82724,114810
Noord-Beveland,2017,61800,55800,14529,16302,19057,29251
Noordenveld,2017,321600,321600,62015,62168,215430,96600
Noordoostpolder,2017,658700,555300,72176,293505,143278,141966
Noordwijk,2017,230100,227900,71013,88191,91325,148301
Nuenen c.a.,2017,111000,103500,44242,39205,35983,61567
Nunspeet,2017,215400,161300,45143,70352,62142,88418
Oegstgeest,2017,89800,73100,38270,30302,26305,56356
Oirschot,2017,197700,121000,34327,50563,41847,62108
Oisterwijk,2017,188800,147800,58756,,55994,95285
Oldambt,2017,501600,465300,76490,142186,271777,120190
Oldebroek,2017,157100,103900,38471,43092,37021,58964
Oldenzaal,2017,189500,178100,56244,68743,77576,102126
Olst-Wijhe,2017,111800,111800,30992,34070,41534,57823
Ommen,2017,268900,255200,31255,40883,163501,57106
Oost Gelre,2017,188400,188400,51340,62977,78251,89770
Oosterhout,2017,440100,357800,90199,,165354,190070
Ooststellingwerf,2017,150800,148400,46479,52703,52346,69281
Oostzaan,2017,59800,35900,15709,14770,14714,22950
Opmeer,2017,57200,57200,18368,21645,20599,29635
Opsterland,2017,197200,149500,51719,52125,48125,79802
Oss,2017,625000,582000,156417,212944,264572,249516
Oude IJsselstreek,2017,223000,216700,69673,73069,81745,105941
Ouder-Amstel,2017,193700,99000,20762,25437,53855,72530
Oudewater,2017,44100,44100,16926,15566,15658,26440
Overbetuwe,2017,390000,249200,78906,95223,83556,131143
Papendrecht,2017,,,46645,40425,51295,73311
Peel en Maas,2017,567000,508600,79541,321858,116690,122605
Pekela,2017,94600,90500,25643,46519,26458,
Pijnacker-Nootdorp,2017,438600,438400,68254,257781,138514,108905
Purmerend,2017,221300,210600,102207,,93327,160026
Putten,2017,170900,129100,41426,45813,51336,68344
Raalte,2017,216100,216100,62356,71876,75447,99755
Reimerswaal,2017,,,31942,,129562,68863
Renkum,2017,,,62184,,217724,
Renswoude,2017,37200,27700,8211,,10349,13319
Reusel-De Mierden,2017,66700,66700,24544,,25920,35043
Rheden,2017,204700,187300,82700,83616,62002,127576
Rhenen,2017,100000,100000,32936,,27646,50262
Ridderkerk,2017,306100,216000,67594,84034,89315,131122
Rijssen-Holten,2017,260700,187400,61858,69130,72524,104380
Rijswijk,2017,260500,229100,83855,90344,98957,164193
Roerdalen,2017,122600,102800,41555,46996,31602,58718
Roermond,2017,717100,669600,97307,351364,252327,202631
Roosendaal,2017,508700,426600,129270,174687,185339,249345
Rotterdam,2017,12066200,11677200,847706,6884117,3392486,2292940
Rozendaal,2017,8000,8000,3908,,2238,
Rucphen,2017,137700,106100,45020,43499,39352,66336
Schagen,2017,291300,291300,75201,96513,111756,138172
Scherpenzeel,2017,56100,56100,15593,18774,28953,23050
Schiedam,2017,367200,300600,108761,129305,127148,183571
Schiermonnikoog,2017,11000,11000,2417,4438,3048,6919
Schouwen-Duiveland,2017,278900,273800,62848,103648,70405,113750
's-Hertogenbosch,2017,933600,761600,245275,265559,334451,499872
Simpelveld,2017,39900,39900,21378,18104,11162,27898
Sint Anthonis,2017,75600,75600,21827,22441,28612,32540
Sint-Michielsgestel,2017,120700,120300,54151,45344,35864,74813
Sittard-Geleen,2017,,,173962,,,316334
Sliedrecht,2017,136100,104400,35178,,44004,
Sluis,2017,169900,162000,48844,54707,52952,94891
Smallingerland,2017,334100,267600,92868,104626,108978,151455
Soest,2017,217600,204000,83301,84153,76907,141923
Someren,2017,209700,186500,34710,88682,55527,52345
Son en Breugel,2017,,,33557,,70939,68641
Stadskanaal,2017,143300,137900,63752,60877,47113,94150
Staphorst,2017,168100,97200,27171,33980,35500,42220
Stede Broec,2017,89100,89100,33338,38299,33110,53998
Steenbergen,2017,489600,454400,40443,305855,76345,63419
Steenwijkerland,2017,249500,220400,78430,76388,76140,119721
Stein,2017,,,47881,41999,,71863
Stichtse Vecht,2017,488200,323500,107188,99404,90355,167110
Súdwest-Fryslân,2017,596800,517500,148659,207874,172474,247671
Terneuzen,2017,,,93070,,393607,163702
Terschelling,2017,42600,42600,9087,14421,11106,24249
Texel,2017,107400,107400,24397,36023,31859,62487
Teylingen,2017,184300,161200,54921,61615,70168,98108
Tholen,2017,194400,191100,38582,66632,42361,60374
Tiel,2017,322100,263800,65316,103925,108237,142918
Tilburg,2017,1242300,1115900,308090,,519787,583213
Tubbergen,2017,121800,121800,40961,43150,39463,60851
Twenterand,2017,170300,160600,57647,61767,67369,82610
Tynaarlo,2017,190100,157600,64623,64426,54963,98032
Tytsjerksteradiel,2017,,,53759,,84975,
Uden,2017,283500,257600,72396,92560,116508,133600
Uitgeest,2017,80000,53800,20299,16490,20033,34055
Uithoorn,2017,255700,255700,45552,164987,68277,78981
Urk,2017,88600,88600,26444,27637,43431,55007
Utrecht,2017,,,423283,,643340,
Utrechtse Heuvelrug,2017,337100,230000,96215,93613,79719,164714
Vaals,2017,44800,44800,21224,21142,14536,34323
Valkenburg aan de Geul,2017,99600,84700,33642,38807,28650,64137
Valkenswaard,2017,160300,151300,58006,58641,58128,89536
Veendam,2017,,,52705,,110718,78142
Veenendaal,2017,283900,272100,94562,101934,121319,172085
Veere,2017,123900,120700,40124,46928,39589,77915
Veldhoven,2017,292900,269900,75928,79224,153879,124047
Velsen,2017,,,105282,,1436031,
Venlo,2017,962300,827300,175761,373291,345365,374411
Venray,2017,406900,362900,76978,139004,151749,138609
Vijfheerenlanden,2017,603300,397000,83282,,145591,
Vlaardingen,2017,283500,259300,106085,116924,95333,178584
Vlieland,2017,10300,10300,1967,4435,3947,8142
Vlissingen,2017,538700,528100,66964,135063,124973,124069
Voerendaal,2017,61300,47400,25509,20771,15187,33228
Voorschoten,2017,76900,76900,41222,,27771,60643
Voorst,2017,186300,134300,45492,49903,41781,75222
Vught,2017,179800,145500,55554,,46786,96683
Waadhoeke,2017,374500,342600,76860,201140,83366,108372
Waalre,2017,89800,69700,34866,,20417,
Waalwijk,2017,375500,306100,79023,112649,155906,174351
Waddinxveen,2017,312600,249800,39136,,109177,
Wageningen,2017,173900,173900,63259,67786,74112,128369
Wassenaar,2017,163200,157200,58614,63630,43802,103201
Waterland,2017,91000,91000,29058,25894,20173,41527
Weert,2017,347600,276100,87394,99106,117826,147761
Weesp,2017,111900,111900,27807,40668,52365,53485
West Betuwe,2017,708700,468100,87969,,126384,152153
West Maas en Waal,2017,124300,121800,35148,32179,30466,52925
Westerkwartier,2017,533300,449100,114088,125211,221016,158625
Westerveld,2017,126800,111700,38232,42816,31283,65632
Westervoort,2017,,,22692,10891,13346,27797
Westerwolde,2017,,,55158,,54901,
Westland,2017,2595600,2585500,151534,,605422,
Weststellingwerf,2017,165400,134800,46270,48294,46390,70896
Westvoorne,2017,173500,173500,29041,121800,36110,41987
Wierden,2017,167300,133000,43133,48574,39977,63163
Wijchen,2017,250800,206100,66425,89492,76178,104608
Wijdemeren,2017,108400,108400,46168,43824,33988,70603
Wijk bij Duurstede,2017,93000,93000,37972,30177,29716,54414
Winterswijk,2017,154500,154500,51229,62343,53863,87305
Woensdrecht,2017,201900,153900,40488,,60306,75324
Woerden,2017,450900,291200,77955,,93263,145217
Wormerland,2017,141200,102400,24567,38368,46990,34516
Woudenberg,2017,78500,63400,20246,18495,20481,34015
Zaanstad,2017,856600,817600,224668,399042,295985,380821
Zaltbommel,2017,614000,565800,45170,346921,145479,87521
Zandvoort,2017,68100,68100,34975,32767,25695,58409
Zeewolde,2017,211300,180500,27493,33165,81751,75519
Zeist,2017,340500,287000,112256,120526,106697,209687
Zevenaar,2017,342800,295900,73001,,99533,
Zoetermeer,2017,507800,452700,174059,154430,203352,311794
Zoeterwoude,2017,,,12589,,33687,
Zuidplas,2017,520400,431400,61234,267377,117533,100983
Zundert,2017,127900,127900,42540,,47722,63229
Zutphen,2017,231600,231600,74443,84766,91846,131072
Zwartewaterland,2017,195600,195600,34592,70707,86480,56764
Zwijndrecht,2017,294200,267400,70629,136689,81791,114564
Zwolle,2017,734400,640200,182221,220987,269795,389709
Aa en Hunze,2018,,,51826,,37319,82624
Aalsmeer,2018,225500,225500,48595,,93254,
Aalten,2018,126100,126100,44728,46504,42857,64967
Achtkarspelen,2018,158800,158800,47924,64752,51192,67063
Alblasserdam,2018,145500,131300,26358,49725,56032,51905
Albrandswaard,2018,112400,107300,36262,33682,33758,62509
Alkmaar,2018,555000,551600,161950,,215233,292582
Almelo,2018,469800,419900,117225,147790,194350,185784
Almere,2018,780600,654500,223491,121357,299558,396015
Alphen aan den Rijn,2018,456100,423200,157417,157783,152290,263970
Alphen-Chaam,2018,65800,65800,20075,23413,19485,28879
Altena,2018,404200,316000,89322,,100772,
Ameland,2018,35100,35100,7434,14482,10702,23645
Amersfoort,2018,732800,560600,212066,204156,228174,405449
Amstelveen,2018,402400,362900,139496,147360,140770,249764
Amsterdam,2018,4443500,4156600,1099416,1369890,1959972,2894091
Apeldoorn,2018,1120100,846900,260475,346955,329793,512553
Arnhem,2018,898600,714500,228490,241865,277035,466072
Assen,2018,328000,282800,107213,115556,99115,195408
Asten,2018,255300,206200,29079,127338,51306,49629
Baarle-Nassau,2018,65400,65400,12869,20976,32488,21753
Baarn,2018,144600,108000,45622,47185,32341,74270
Barendrecht,2018,276100,198500,64834,57536,88875,121814
Barneveld,2018,460400,325900,87881,112285,134050,179011
Beek,2018,128800,89100,30272,36478,35822,56177
Beekdaelen,2018,189500,163000,72366,,52412,
Beemster,2018,130400,78400,16555,,24560,24560
Beesel,2018,92700,72700,23500,29317,29878,35061
Berg en Dal,2018,185600,185600,60260,,46564,92903
Bergeijk,2018,110900,110900,35187,38199,41175,56573
Bergen (L.),2018,124900,124600,24442,55263,32990,37750
Bergen (NH.),2018,148700,148700,62725,63968,44059,95906
Bergen op Zoom,2018,,,102796,,324339,185901
Berkelland,2018,308200,308200,78442,127076,104183,117372
Bernheze,2018,215200,151400,53877,50899,55293,76872
Best,2018,224800,165800,48203,50634,86448,101744
Beuningen,2018,212900,138100,42037,50090,44341,63313
Beverwijk,2018,,,60916,,58721,109682
Bladel,2018,143300,122200,34876,42924,52128,60173
Blaricum,2018,65700,47400,25715,22049,17173,36506
Bloemendaal,2018,111000,109800,50572,50316,36396,84542
Bodegraven-Reeuwijk,2018,288900,155000,53859,56574,66367,93146
Boekel,2018,66500,66500,18238,33256,23088,26819
Borger-Odoorn,2018,134200,132400,53480,57988,36262,75243
Borne,2018,111900,76100,37319,32649,26530,52767
Borsele,2018,,,34997,,240469,66585
Boxmeer,2018,289500,217400,49692,85415,86654,81748
Boxtel,2018,249400,168300,53751,63001,74842,
Breda,2018,1060200,821000,277894,292727,335196,535616
Brielle,2018,171800,167400,27793,103076,38408,42444
Bronckhorst,2018,293300,293300,70928,143047,73905,99245
Brummen,2018,389000,386000,36817,266420,82940,57142
Brunssum,2018,117300,116700,51419,,42449,
Bunnik,2018,126200,85600,25153,29042,31684,49144
Bunschoten,2018,144300,144000,32808,61805,59349,56696
Buren,2018,146600,139300,47717,43656,42033,69516
Capelle aan den IJssel,2018,225500,213500,90426,,88360,
Castricum,2018,144700,120200,59479,54159,36838,84135
Coevorden,2018,315900,273100,66481,111420,111703,112706
Cranendonck,2018,,,38768,57025,,59931
Cuijk,2018,256100,205200,41100,71819,99314,72422
Culemborg,2018,135400,105800,38951,38562,48320,78920
Dalfsen,2018,164700,162200,49333,54435,49424,70766
Dantumadiel,2018,74500,71900,32189,,19088,
De Bilt,2018,256700,199700,81148,86638,67384,132953
De Fryske Marren,2018,434500,345600,87356,,114731,
De Ronde Venen,2018,293300,225000,72168,81919,71228,113670
De Wolden,2018,205100,147400,46595,47285,60765,64531
Delft,2018,548800,495200,136428,198802,230744,298750
Den Haag,2018,1939500,1822100,763931,689923,794825,1449938
Den Helder,2018,304100,304000,89894,,131974,
Deurne,2018,218100,185300,57554,73685,65642,88857
Deventer,2018,580500,478100,146314,181190,201455,
Diemen,2018,162500,120300,40264,31525,61181,81980
Dinkelland,2018,172600,161900,51874,64241,49152,78241
Doesburg,2018,51800,51800,18004,16462,22980,26090
Doetinchem,2018,351100,316300,90199,128397,131510,165412
Dongen,2018,279000,277800,42063,161309,95469,63044
Dordrecht,2018,679800,574300,173586,177933,253481,316725
Drechterland,2018,110700,110500,32694,45179,36158,43277
Drimmelen,2018,211100,179900,46122,93462,49688,65136
Dronten,2018,281000,253400,59066,65250,88193,108235
Druten,2018,123900,112400,30738,38844,32784,45723
Duiven,2018,139900,102200,34738,19963,45991,61775
Echt-Susteren,2018,253000,175000,60823,,58072,91096
Edam-Volendam,2018,165900,158800,63279,61464,63787,97839
Ede,2018,694300,530000,175571,192354,215427,326350
Eemnes,2018,97700,38100,15219,,11970,23434
Eemsdelta,2018,,,87143,,632826,132139
Eersel,2018,142800,103400,35016,36666,38836,55063
Eijsden-Margraten,2018,,,49734,,49533,71273
Eindhoven,2018,,,358050,421040,556422,
Elburg,2018,131500,100400,35959,40258,35162,58871
Emmen,2018,743400,709000,194254,371493,227003,308674
Enkhuizen,2018,117900,117900,28760,45852,55370,50066
Enschede,2018,747600,709000,248137,257463,301172,445343
Epe,2018,237600,183500,61226,74811,68525,95489
Ermelo,2018,204000,180500,42185,86051,61716,83084
Etten-Leur,2018,412900,366800,68399,188757,143569,117999
Geertruidenberg,2018,217900,161800,33898,36406,103792,59820
Geldrop-Mierlo,2018,224400,176300,66774,69989,,100696
Gemert-Bakel,2018,173400,173400,53163,61350,66601,77856
Gennep,2018,141200,133500,30043,36676,68147,54545
Gilze en Rijen,2018,181200,138300,41952,48022,60678,80077
Goeree-Overflakkee,2018,325500,294700,79013,95129,84469,141865
Goes,2018,248000,192400,58047,79920,74594,120605
Goirle,2018,91100,82600,39530,34244,32703,57272
Gooise Meren,2018,383700,237300,109532,107236,80345,172001
Gorinchem,2018,,,49972,,87464,95253
Gouda,2018,302100,301800,98121,142005,114133,176206
Grave,2018,52300,52300,21369,19997,16043,33143
Groningen,2018,,,358827,579990,394848,714195
Gulpen-Wittem,2018,81700,81700,28236,32246,24462,43913
Haaksbergen,2018,139200,139200,42444,44143,58396,63459
Haarlem,2018,603200,600600,236729,247086,245462,
Haarlemmermeer,2018,1844500,1420800,219576,327593,825242,948941
Halderberge,2018,180900,160500,52587,61871,61169,80971
Hardenberg,2018,393600,361000,101076,114982,153438,208861
Harderwijk,2018,262800,213500,64428,85877,80168,124861
Hardinxveld-Giessendam,2018,126300,72000,25200,24950,26327,37761
Harlingen,2018,,,24965,,36511,45517
Hattem,2018,110000,59900,20700,,22164,31398
Heemskerk,2018,138800,121600,56913,53981,44381,79682
Heemstede,2018,103300,103300,51809,,35535,73433
Heerde,2018,125800,88500,32673,38273,30733,48368
Heerenveen,2018,402100,326700,83810,,125922,
Heerhugowaard,2018,299500,299500,74142,136608,89083,124331
Heerlen,2018,519300,448900,152978,174398,198897,283014
Heeze-Leende,2018,114400,77600,30491,28871,27520,46635
Heiloo,2018,95300,78200,40727,35613,27688,60806
Hellendoorn,2018,223800,223800,60567,82685,91594,93025
Hellevoetsluis,2018,182300,172500,59492,,62934,84014
Helmond,2018,541700,541300,135865,194545,239546,235380
Hendrik-Ido-Ambacht,2018,114700,91000,40386,36278,33335,57459
Hengelo,2018,695000,635400,135912,398582,166432,237954
Het Hogeland,2018,666500,662500,90585,,341617,
Heumen,2018,100400,75200,28774,25291,20940,41156
Heusden,2018,328700,282600,74347,152642,88008,104128
Hillegom,2018,92700,92700,32600,35933,40470,55304
Hilvarenbeek,2018,90800,84600,28387,27698,30645,46518
Hilversum,2018,396200,365900,152827,155982,141218,280070
Hoeksche Waard,2018,552400,474000,135284,152331,140933,202660
Hof van Twente,2018,228600,227900,64733,,71731,97971
Hollands Kroon,2018,1286800,1222800,81005,,593133,
Hoogeveen,2018,414900,331300,92743,164785,119833,154534
Hoorn,2018,268500,264300,105497,105047,105850,181061
Horst aan de Maas,2018,497900,451200,76290,245762,134006,134040
Houten,2018,225500,196500,63675,67735,67917,109970
Huizen,2018,154500,142900,68181,65051,48158,97181
Hulst,2018,213300,213300,49445,50979,41812,74395
IJsselstein,2018,116400,113700,46944,42885,42658,69562
Kaag en Braassem,2018,224000,162300,42213,74915,46150,61444
Kampen,2018,357400,331200,77346,169597,92188,128117
Kapelle,2018,,,18730,,26175,31838
Katwijk,2018,268000,265400,86282,115867,107689,
Kerkrade,2018,277200,274100,85518,120717,119014,134004
Koggenland,2018,192200,147800,35836,69273,42526,49399
Krimpen aan den IJssel,2018,92500,92500,42832,,35536,63013
Krimpenerwaard,2018,267400,267400,86674,81560,78711,129236
Laarbeek,2018,209500,209500,39204,107138,57495,58114
Landerd,2018,117100,89700,27507,27725,26725,44000
Landgraaf,2018,138600,135800,67355,62982,49416,96883
Landsmeer,2018,,,19054,,12082,25076
Langedijk,2018,115800,115800,41334,47409,38581,60172
Lansingerland,2018,816100,795100,83267,,205070,147666
Laren,2018,93200,58200,28759,28289,20371,45860
Leeuwarden,2018,702800,650700,192157,283761,214940,362924
Leiden,2018,527600,474400,166320,153620,216071,347206
Leiderdorp,2018,118900,91400,39571,34470,33975,68517
Leidschendam-Voorburg,2018,318000,250600,118646,110071,85385,
Lelystad,2018,598700,452700,108460,135090,152435,207275
Leudal,2018,279000,233700,68313,84373,77358,106056
Leusden,2018,148300,121200,46657,43723,40867,77333
Lingewaard,2018,314700,311900,75060,165602,64160,107217
Lisse,2018,88800,88400,33095,33325,35601,57273
Lochem,2018,262900,253200,65760,106094,79762,98220
Loon op Zand,2018,116900,97800,40470,37451,42557,72946
Lopik,2018,94400,94400,22883,22263,23727,32568
Losser,2018,128200,111400,41433,43739,35451,59432
Maasdriel,2018,265000,218300,43463,84542,71298,68409
Maasgouw,2018,177500,137900,46551,57805,51891,69162
Maassluis,2018,92600,92500,46146,,31371,63029
Maastricht,2018,,,199435,,342992,400278
Medemblik,2018,444600,410700,72019,245964,111689,119492
Meerssen,2018,98300,75900,37462,35055,26380,49458
Meierijstad,2018,730500,654300,136094,273845,263094,234756
Meppel,2018,261700,222200,54332,91971,93391,104777
Middelburg,2018,261700,239900,71813,124877,80844,125530
Midden-Delfland,2018,347500,285200,27128,,80701,42912
Midden-Drenthe,2018,342500,270900,61344,,75441,104028
Midden-Groningen,2018,,,111675,,309980,161604
Mill en Sint Hubert,2018,65100,65100,20464,25579,21424,30494
Moerdijk,2018,,,62941,,486088,156710
Molenlanden,2018,304400,274500,67041,72343,87682,101963
Montferland,2018,197200,183800,62048,79115,64168,93529
Montfoort,2018,63600,63600,21992,20912,21504,34009
Mook en Middelaar,2018,35100,35100,16050,15206,10447,20887
Neder-Betuwe,2018,282300,196800,36441,58622,59319,67448
Nederweert,2018,107000,107000,32238,34758,41806,48918
Nieuwegein,2018,363800,284900,84373,57270,131962,180120
Nieuwkoop,2018,168400,168400,43510,81769,49622,65611
Nijkerk,2018,267700,236300,62722,87638,102260,117928
Nijmegen,2018,882600,840500,246541,296081,348157,518739
Nissewaard,2018,287200,287200,123054,100479,110545,185711
Noardeast-Fryslân,2018,244700,243700,77725,90272,81742,114615
Noord-Beveland,2018,63500,57500,14576,16887,19803,28795
Noordenveld,2018,308900,308900,61164,62697,201247,92351
Noordoostpolder,2018,,,72620,,137193,138072
Noordwijk,2018,225700,223500,69457,87502,87380,143926
Nuenen c.a.,2018,110000,102600,43435,39585,34785,60372
Nunspeet,2018,212700,159400,43179,70462,60040,84448
Oegstgeest,2018,88600,72200,37961,30494,25022,54413
Oirschot,2018,196000,120400,34050,,40010,
Oisterwijk,2018,179700,139200,57996,57213,53333,92730
Oldambt,2018,511000,475200,76157,139722,288346,117932
Oldebroek,2018,153500,101000,37351,43012,34128,56089
Oldenzaal,2018,146600,135300,54501,68217,35335,84972
Olst-Wijhe,2018,111000,111000,30736,35208,39707,55773
Ommen,2018,281500,267900,31083,40744,175831,60764
Oost Gelre,2018,187700,187700,50074,62073,77362,87098
Oosterhout,2018,445500,364300,86743,140394,160441,181668
Ooststellingwerf,2018,153700,151300,45817,54448,52408,69538
Oostzaan,2018,60300,36900,15324,15191,15200,23522
Opmeer,2018,56300,56300,18000,21165,19941,28530
Opsterland,2018,196500,149500,52156,,44963,
Oss,2018,609400,566900,153468,211255,251688,242262
Oude IJsselstreek,2018,222800,216500,67890,72728,80803,101502
Ouder-Amstel,2018,,,21236,27666,49876,71768
Oudewater,2018,43400,43400,16565,15593,14782,25042
Overbetuwe,2018,396200,257300,76033,93464,90076,
Papendrecht,2018,,,45030,40164,48870,69826
Peel en Maas,2018,564700,506400,77763,322969,112656,119883
Pekela,2018,90500,86400,24732,41164,27587,29207
Pijnacker-Nootdorp,2018,441300,441100,68501,259425,139369,107503
Purmerend,2018,213600,203000,99862,35368,88429,151033
Putten,2018,168200,127100,39936,44804,49985,64949
Raalte,2018,216500,216500,62075,73454,74647,99206
Reimerswaal,2018,,,31913,,123399,66143
Renkum,2018,,,59299,,215601,
Renswoude,2018,36900,27600,8317,8657,9590,12920
Reusel-De Mierden,2018,65600,65600,23805,23392,24430,33258
Rheden,2018,195700,178500,79068,80215,56431,120687
Rhenen,2018,98900,98900,32054,38342,26116,48129
Ridderkerk,2018,298500,209800,66843,83086,83506,126412
Rijssen-Holten,2018,257100,184500,60544,68987,69623,100359
Rijswijk,2018,256800,225900,82347,91096,94950,164789
Roerdalen,2018,120500,100900,40283,46513,29732,56609
Roermond,2018,704000,656800,95610,344200,246334,196231
Roosendaal,2018,,,127124,,165485,233667
Rotterdam,2018,12707600,12323600,831692,7609802,3117741,2260902
Rozendaal,2018,7800,7700,3846,,2014,
Rucphen,2018,135300,104200,44202,42986,37704,60086
Schagen,2018,294900,294900,74522,97996,112947,136998
Scherpenzeel,2018,55600,55600,15493,18718,28439,22094
Schiedam,2018,322900,257200,106031,103421,107397,178878
Schiermonnikoog,2018,11100,11100,2346,,2985,
Schouwen-Duiveland,2018,275500,270500,61815,106719,66077,113400
's-Hertogenbosch,2018,906400,736800,240527,260928,313946,478328
Simpelveld,2018,39100,39100,20761,17857,10515,26901
Sint Anthonis,2018,76500,76500,21747,23423,28121,31562
Sint-Michielsgestel,2018,119200,118900,53082,45454,33753,71785
Sittard-Geleen,2018,,,168415,,,283624
Sliedrecht,2018,134700,103300,34091,40311,40860,59087
Sluis,2018,170000,162100,48249,55860,51412,94422
Smallingerland,2018,330600,265100,90383,105255,104985,148433
Soest,2018,211900,198500,81382,,71384,
Someren,2018,244000,220800,34184,116880,61423,49937
Son en Breugel,2018,180100,154000,31484,58133,73059,70153
Stadskanaal,2018,142500,137200,62576,61438,45648,91779
Staphorst,2018,169800,99800,27248,36245,35670,41531
Stede Broec,2018,90000,90000,32924,37839,34216,48773
Steenbergen,2018,557400,522600,40173,361721,87245,62743
Steenwijkerland,2018,249900,221200,78640,79088,73259,118560
Stein,2018,,,46188,43621,,71575
Stichtse Vecht,2018,472000,309900,105562,100178,86470,163087
Súdwest-Fryslân,2018,597100,518900,148609,211500,165277,243145
Terneuzen,2018,,,92289,,364657,157428
Terschelling,2018,43900,43900,9375,15037,10710,24488
Texel,2018,111500,111500,24847,,31522,64781
Teylingen,2018,179100,156500,54408,60783,65965,92616
Tholen,2018,190200,187000,38051,64728,39837,58651
Tiel,2018,317200,259500,63154,106554,100107,136899
Tilburg,2018,1225200,1100700,302695,349091,492310,577284
Tubbergen,2018,121000,121000,41501,43989,37049,59638
Twenterand,2018,172300,162700,56911,65554,64967,83263
Tynaarlo,2018,183400,151500,63745,64499,48213,95609
Tytsjerksteradiel,2018,234700,225900,53406,,96673,76079
Uden,2018,275300,249800,70373,88639,112257,129755
Uitgeest,2018,77400,51800,19751,16480,17970,32064
Uithoorn,2018,,,44456,,69274,77457
Urk,2018,92100,92100,25690,27058,47223,55371
Utrecht,2018,1653500,1369300,417262,386179,608387,927514
Utrechtse Heuvelrug,2018,326800,221900,91993,90457,74475,156368
Vaals,2018,42600,42600,20170,20085,13250,31980
Valkenburg aan de Geul,2018,97400,82700,32639,37784,27498,62914
Valkenswaard,2018,156100,147300,55678,56651,55862,85663
Veendam,2018,,,52303,,110110,78431
Veenendaal,2018,279100,267500,91953,100113,117466,166652
Veere,2018,123700,120500,39883,47751,37949,77099
Veldhoven,2018,294500,271700,74604,84474,150421,121456
Velsen,2018,,,102278,,1405485,
Venlo,2018,956300,822100,171347,374330,337755,368211
Venray,2018,399200,355700,76130,142903,138837,135005
Vijfheerenlanden,2018,602100,398500,83280,,141586,
Vlaardingen,2018,282900,259000,103804,116878,90353,174025
Vlieland,2018,11000,11000,2030,4597,3944,8231
Vlissingen,2018,538000,527600,66408,,123795,127314
Voerendaal,2018,59600,45900,24503,20331,14006,31615
Voorschoten,2018,75400,75400,40450,35233,25821,58493
Voorst,2018,183800,132500,44436,49937,40221,73192
Vught,2018,179300,145500,54513,57432,44761,94371
Waadhoeke,2018,375900,344500,78249,204318,80598,108534
Waalre,2018,87300,67500,33412,,18926,
Waalwijk,2018,374800,306400,78383,113574,154429,174454
Waddinxveen,2018,279700,217900,39536,107132,81955,75616
Wageningen,2018,156100,156100,52387,60980,63589,107816
Wassenaar,2018,162300,156500,58886,62504,44213,103041
Waterland,2018,91600,91600,28402,,19208,
Weert,2018,394800,324300,86555,,138205,157487
Weesp,2018,110800,110800,27551,41639,50338,50905
West Betuwe,2018,721300,483900,85567,,126177,150266
West Maas en Waal,2018,125900,123400,34118,32639,29203,51485
Westerkwartier,2018,522800,440200,113781,128290,204969,157821
Westerveld,2018,126900,112100,38248,43918,29772,64131
Westervoort,2018,,,22055,10807,12610,
Westerwolde,2018,,,54756,,56520,77212
Westland,2018,2558900,2548900,151818,1796521,615379,
Weststellingwerf,2018,170800,140700,46351,50972,48360,71494
Westvoorne,2018,173200,173200,28920,122806,34601,41540
Wierden,2018,164400,130500,41876,48116,38306,60937
Wijchen,2018,247900,203700,65294,89815,73040,101528
Wijdemeren,2018,105500,105500,45418,43221,31361,68236
Wijk bij Duurstede,2018,91000,91000,37246,30565,27857,52458
Winterswijk,2018,154900,154900,49716,62878,52682,84713
Woensdrecht,2018,192500,144900,39703,,57126,70643
Woerden,2018,443600,286500,76510,140691,87199,140043
Wormerland,2018,140200,102000,24036,38994,45860,33625
Woudenberg,2018,76400,61600,19670,18131,18870,32174
Zaanstad,2018,,,219174,,297935,
Zaltbommel,2018,629600,582100,44386,357485,145468,82853
Zandvoort,2018,66000,66000,34264,31906,24420,56269
Zeewolde,2018,209000,178300,27646,33906,77408,69397
Zeist,2018,330400,277700,108161,117025,100704,200744
Zevenaar,2018,340300,294000,71879,150889,94039,114469
Zoetermeer,2018,524000,470100,167458,153081,221951,299112
Zoeterwoude,2018,,,12248,,35988,
Zuidplas,2018,502500,415000,61681,259647,108765,98296
Zundert,2018,130000,130000,41983,56475,44990,60844
Zutphen,2018,234600,234600,71919,82619,96760,124586
Zwartewaterland,2018,189100,189100,34395,70067,80584,54254
Zwijndrecht,2018,294800,268300,66334,134556,79957,108413
Zwolle,2018,718900,625800,177964,217291,259502,377754
Aa en Hunze,2019,155400,129700,48714.0,53361,32239,72923
Aalsmeer,2019,209500,209500,46440.0,,81780,
Aalten,2019,120000,120000,43254.0,45676,37430,61432
Achtkarspelen,2019,150800,150800,45473.0,62611,45667,62634
Alblasserdam,2019,126300,112100,24825.0,44829,42740,47037
Albrandswaard,2019,107700,102600,33935.0,33655,30918,59375
Alkmaar,2019,487100,483700,151739.0,,164111,272254
Almelo,2019,433900,384200,106956.0,141244,165012,168907
Almere,2019,736200,610700,215018.0,118707,256819,370032
Alphen aan den Rijn,2019,437100,404400,150812.0,159877,131052,246011
Alphen-Chaam,2019,65100,65100,19105.0,24933,17166,26949
Altena,2019,381500,293700,84176.0,92513,85357,119933
Ameland,2019,31700,31700,7011.0,14100,9348,22128
Amersfoort,2019,688000,516600,199687.0,202061,185832,364872
Amstelveen,2019,370500,331200,132170.0,139113,118033,226685
Amsterdam,2019,4246500,3960900,1053199.0,1331265,1703729,2644789
Apeldoorn,2019,1082800,810700,249700.0,340538,298979,473841
Arnhem,2019,861900,678600,217956.0,238517,242837,434498
Assen,2019,308500,263600,100496.0,111330,83908,178696
Asten,2019,242700,193700,27374.0,121214,44885,45098
Baarle-Nassau,2019,60100,60100,12109.0,20190,27984,20114
Baarn,2019,137400,100900,43030.0,45656,26712,67666
Barendrecht,2019,,,60229.0,55561,71979,110710
Barneveld,2019,439800,305900,83582.0,111184,114851,164554
Beek,2019,123800,84400,28518.0,,30417,
Beekdaelen,2019,179500,153100,68366.0,,44306,
Beemster,2019,126700,75000,15806.0,,21516,22713
Beesel,2019,85500,65500,22135.0,28055,24175,31822
Berg en Dal,2019,175200,175200,57865.0,,40465,
Bergeijk,2019,103200,103200,33095.0,37036,34536,52281
Bergen (L.),2019,116100,115800,23242.0,52627,27734,35016
Bergen (NH.),2019,140900,140900,59149.0,62907,37018,89266
Bergen op Zoom,2019,924200,857200,96443.0,523236,267127,167929
Berkelland,2019,290900,290900,74844.0,123030,90721,110637
Bernheze,2019,206500,143000,50744.0,50494,47219,71210
Best,2019,210100,151400,45898.0,49242,73328,91144
Beuningen,2019,206600,132100,39993.0,50839,39485,58886
Beverwijk,2019,201000,178100,57663.0,,50527,120475
Bladel,2019,134800,113700,32803.0,41900,44557,54826
Blaricum,2019,65500,47300,26788.0,24074,15017,36334
Bloemendaal,2019,106600,105400,48768.0,46001,36238,74916
Bodegraven-Reeuwijk,2019,276000,142700,50614.0,54575,55859,
Boekel,2019,64800,64800,17423.0,33876,20713,24768
Borger-Odoorn,2019,127600,125800,50394.0,56098,31499,69781
Borne,2019,106100,70500,33762.0,30584,22822,47861
Borsele,2019,,,32862.0,,180525,59678
Boxmeer,2019,276400,204600,47407.0,83295,76956,75486
Boxtel,2019,235200,154500,50290.0,59526,64227,
Breda,2019,997200,759000,262842.0,280739,285066,488173
Brielle,2019,171300,167000,25866.0,110286,30707,40004
Bronckhorst,2019,280000,280000,67131.0,141106,62553,92468
Brummen,2019,386100,383100,35314.0,282962,63643,52969
Brunssum,2019,111000,110400,48249.0,,36056,
Bunnik,2019,119100,78700,23423.0,28412,25369,44568
Bunschoten,2019,130400,130200,30750.0,59381,47827,52098
Buren,2019,139000,131700,45345.0,42694,36355,63621
Capelle aan den IJssel,2019,206600,194500,84586.0,61886,70666,136971
Castricum,2019,138600,114200,56593.0,53163,31725,78642
Coevorden,2019,291300,248700,61958.0,,94704,103380
Cranendonck,2019,502900,471300,36656.0,55327,393258,
Cuijk,2019,235200,184400,39372.0,66211,84712,62349
Culemborg,2019,126300,96800,37397.0,35726,42019,70723
Dalfsen,2019,156000,153500,46842.0,52645,42280,64945
Dantumadiel,2019,71100,68500,30654.0,,16357,
De Bilt,2019,243100,186300,77059.0,85411,55437,120659
De Fryske Marren,2019,423400,335000,83409.0,,102301,
De Ronde Venen,2019,277600,209600,67453.0,79498,58695,104018
De Wolden,2019,195300,137900,43610.0,45987,52414,59909
Delft,2019,497300,444000,128350.0,186652,190601,263766
Den Haag,2019,1801100,1684200,730899.0,688972,649067,1313867
Den Helder,2019,279000,278900,85275.0,,109954,187907
Deurne,2019,207300,174500,54954.0,72697,55708,82120
Deventer,2019,529600,427500,139864.0,168028,163273,239276
Diemen,2019,152400,110400,37532.0,29572,52810,72376
Dinkelland,2019,159100,148500,46748.0,57217,42526,69992
Doesburg,2019,48900,48900,17083.0,16698,19894,24750
Doetinchem,2019,330200,295600,86652.0,125911,113118,154709
Dongen,2019,261400,260300,40364.0,155884,83325,58649
Dordrecht,2019,627500,522500,160579.0,175494,209259,290828
Drechterland,2019,106100,105900,31024.0,44835,31848,40771
Drimmelen,2019,200900,169900,43567.0,91622,41932,60178
Dronten,2019,268200,240700,57357.0,65180,76540,100564
Druten,2019,114900,103500,29088.0,36273,28608,42999
Duiven,2019,133400,95900,32897.0,,39632,
Echt-Susteren,2019,244200,166600,57127.0,,49240,
Edam-Volendam,2019,154400,147300,59189.0,,54508,
Ede,2019,661800,498200,167012.0,187021,185411,302328
Eemnes,2019,96000,36600,14454.0,,9792,21496
Eemsdelta,2019,,,82427.0,,789281,119756
Eersel,2019,135500,96200,33392.0,36230,31955,50448
Eijsden-Margraten,2019,,,46639.0,,42370,66326
Eindhoven,2019,1350200,1192300,338459.0,409342,511751,698892
Elburg,2019,125300,94400,33918.0,39203,30103,54157
Emmen,2019,725600,691300,182476.0,,196312,284109
Enkhuizen,2019,108200,108200,26996.0,45278,46389,46266
Enschede,2019,692500,654100,237480.0,247484,253242,407863
Epe,2019,226100,172200,58407.0,74017,57940,88835
Ermelo,2019,195600,172300,40313.0,84912,54444,76957
Etten-Leur,2019,386900,341100,64726.0,184064,122408,107540
Geertruidenberg,2019,211500,155600,31964.0,32797,101332,52001
Geldrop-Mierlo,2019,204400,156400,63701.0,68669,58529,93427
Gemert-Bakel,2019,161600,161600,49861.0,60583,55396,
Gennep,2019,126800,119200,28600.0,35019,55934,50163
Gilze en Rijen,2019,171200,128400,39350.0,45760,52963,71283
Goeree-Overflakkee,2019,321700,291000,73100.0,99220,79362,135801
Goes,2019,237300,182100,55059.0,80739,63421,110635
Goirle,2019,86700,78200,37762.0,34782,27974,53327
Gooise Meren,2019,371200,225500,104296.0,107548,68346,161146
Gorinchem,2019,304000,238100,47331.0,126026,72388,87451
Gouda,2019,274300,274000,92997.0,136798,91325,159781
Grave,2019,49200,49200,19872.0,19217,13553,30333
Groningen,2019,1211400,1143800,339531.0,,339703,656597
Gulpen-Wittem,2019,75700,75700,26554.0,30315,20432,40393
Haaksbergen,2019,130200,130200,40046.0,43022,50355,58484
Haarlem,2019,567600,565000,226259.0,245554,211131,414059
Haarlemmermeer,2019,1797600,1376000,207854.0,375374,732231,903249
Halderberge,2019,172800,152500,49721.0,62099,52801,76182
Hardenberg,2019,364400,331900,92010.0,108517,130527,
Harderwijk,2019,258600,209500,61491.0,91837,69932,122008
Hardinxveld-Giessendam,2019,119800,65700,23428.0,24295,21519,34233
Harlingen,2019,126100,118900,24116.0,,26797,41602
Hattem,2019,106000,56100,19610.0,,18624,
Heemskerk,2019,131800,114700,53460.0,52738,38557,73926
Heemstede,2019,91300,91300,48869.0,,24427,68171
Heerde,2019,120800,83600,31229.0,37375,26835,
Heerenveen,2019,392600,317600,80212.0,,114622,
Heerhugowaard,2019,278400,278400,71067.0,124895,79520,114938
Heerlen,2019,482000,411900,144422.0,171143,165053,257091
Heeze-Leende,2019,110100,73400,28944.0,28523,23616,43167
Heiloo,2019,91800,74800,38574.0,35574,24327,56818
Hellendoorn,2019,204500,204500,56715.0,78142,76600,84892
Hellevoetsluis,2019,171300,161600,54705.0,,50549,78094
Helmond,2019,507600,507200,130127.0,193226,206252,218739
Hendrik-Ido-Ambacht,2019,109500,85800,37516.0,,28047,54408
Hengelo,2019,665100,605800,125433.0,400428,134356,216069
Het Hogeland,2019,630000,626100,84819.0,177029,343333,
Heumen,2019,96800,71700,27430.0,25131,18107,38748
Heusden,2019,307000,261100,71104.0,145948,73434,96697
Hillegom,2019,86500,86500,31019.0,35712,34417,51232
Hilvarenbeek,2019,85400,79200,26928.0,27109,25772,42380
Hilversum,2019,375600,345400,145527.0,158059,118280,261599
Hoeksche Waard,2019,513600,435500,126490.0,148248,113871,184945
Hof van Twente,2019,210500,209800,58439.0,78689,60711,86212
Hollands Kroon,2019,,,76088.0,,572322,
Hoogeveen,2019,392400,309200,86636.0,157777,104460,147985
Hoorn,2019,250000,245800,99290.0,102820,89361,164783
Horst aan de Maas,2019,485700,439300,72034.0,256612,111585,122395
Houten,2019,,,60136.0,62432,55543,
Huizen,2019,146800,135200,64691.0,64872,40584,90893
Hulst,2019,206600,206600,46926.0,50807,36632,68984
IJsselstein,2019,108200,105400,44153.0,42543,34695,63655
Kaag en Braassem,2019,215500,154000,40004.0,73113,39565,57333
Kampen,2019,338200,312000,72862.0,162055,80894,119262
Kapelle,2019,,,17747.0,,21880,28729
Katwijk,2019,252200,249600,81977.0,115706,91823,137666
Kerkrade,2019,250100,247000,79327.0,116865,95649,119284
Koggenland,2019,188600,144400,34261.0,71836,36434,47504
Krimpen aan den IJssel,2019,84700,84700,40177.0,,29532,56866
Krimpenerwaard,2019,250100,250100,81996.0,81279,64522,118043
Laarbeek,2019,206300,206300,37151.0,106299,54892,53653
Landerd,2019,113400,86200,26371.0,28012,22718,40905
Landgraaf,2019,130600,127900,63658.0,62226,42093,90007
Landsmeer,2019,40700,40600,18268.0,,10239,24516
Langedijk,2019,111100,111100,39402.0,47508,33605,55633
Lansingerland,2019,784100,763200,78949.0,,156025,136885
Laren,2019,90000,55200,27218.0,28220,17379,43098
Leeuwarden,2019,668900,617100,184707.0,279951,184236,334013
Leiden,2019,493000,440000,156450.0,149998,183674,318358
Leiderdorp,2019,113300,85900,37384.0,,28952,
Leidschendam-Voorburg,2019,302400,235200,113356.0,109373,70399,163493
Lelystad,2019,576600,431200,102839.0,136257,133245,197097
Leudal,2019,265500,220400,64674.0,82518,66116,98189
Leusden,2019,140700,113700,44146.0,42656,34300,70425
Lingewaard,2019,307300,304600,71573.0,170968,54885,101177
Lisse,2019,84600,84100,31798.0,34037,30564,53693
Lochem,2019,244900,235200,62565.0,100445,67942,90970
Loon op Zand,2019,109700,90700,38229.0,36963,35920,66178
Lopik,2019,89100,89100,21798.0,22325,19630,31250
Losser,2019,121100,104400,38922.0,41962,30062,54722
Maasdriel,2019,251400,204800,41954.0,84880,60229,63600
Maasgouw,2019,,,43848.0,,47030,63510
Maassluis,2019,84600,84600,43427.0,37599,25766,58738
Maastricht,2019,,,190216.0,,277805,364910
Medemblik,2019,390600,356800,68513.0,200462,103209,110566
Meerssen,2019,93000,70800,35389.0,34377,21999,46342
Meierijstad,2019,688800,612900,129754.0,252498,242751,217796
Meppel,2019,243600,204300,50033.0,88091,79276,93846
Middelburg,2019,243700,222100,67793.0,120622,67142,113836
Midden-Delfland,2019,,,25059.0,,70421,38033
Midden-Drenthe,2019,314700,243500,57407.0,,64662,
Midden-Groningen,2019,658800,588800,104861.0,272113,246987,153870
Mill en Sint Hubert,2019,61100,61100,19388.0,24723,18166,28127
Moerdijk,2019,,,58550.0,,366079,142782
Molenlanden,2019,283100,253400,62500.0,73863,67822,88456
Montferland,2019,186800,173500,59175.0,76339,56462,88325
Montfoort,2019,59200,59200,20603.0,20649,17417,31051
Mook en Middelaar,2019,33400,33400,14886.0,15030,9072,19275
Neder-Betuwe,2019,273100,187900,34962.0,62317,51569,61919
Nederweert,2019,97600,97600,30200.0,31946,35099,43136
Nieuwegein,2019,333400,254900,79010.0,54459,105622,
Nieuwkoop,2019,163100,163100,41711.0,83438,42536,62743
Nijkerk,2019,257600,226400,60653.0,89304,90498,110302
Nijmegen,2019,827200,785300,233532.0,286354,303908,474360
Nissewaard,2019,314800,314800,114482.0,,140229,169205
Noardeast-Fryslân,2019,230100,229200,73788.0,87629,70070,106772
Noord-Beveland,2019,61200,55300,13663.0,16628,17857,26784
Noordenveld,2019,265600,265600,57155.0,60340,160299,85097
Noordoostpolder,2019,,,69580.0,,119393,126016
Noordwijk,2019,,,66084.0,,74651,133127
Nuenen c.a.,2019,104100,96800,41168.0,39141,29285,55591
Nunspeet,2019,204300,151200,41579.0,68805,53420,78338
Oegstgeest,2019,85400,69100,36323.0,30420,21868,51358
Oirschot,2019,187400,112100,32347.0,,34766,
Oisterwijk,2019,170300,130000,55167.0,56304,44893,85483
Oldambt,2019,450900,415200,71617.0,134843,222344,107693
Oldebroek,2019,152300,100000,35983.0,42636,33398,53601
Oldenzaal,2019,136800,125500,49109.0,63978,29629,74999
Olst-Wijhe,2019,102600,102600,28814.0,32565,34096,50937
Ommen,2019,249900,236400,29623.0,38542,146354,50611
Oost Gelre,2019,177900,177900,48177.0,61857,67531,81320
Oosterhout,2019,,,82526.0,,137001,174098
Ooststellingwerf,2019,143100,140700,43788.0,52615,43530,62398
Oostzaan,2019,57200,33900,14549.0,15176,12134,22295
Opmeer,2019,53900,53900,17230.0,20638,17941,26926
Opsterland,2019,189800,143100,49809.0,52698,39613,72502
Oss,2019,560400,518000,144664.0,203426,210731,222848
Oude IJsselstreek,2019,211500,205300,65066.0,,69481,
Ouder-Amstel,2019,185100,92600,20782.0,28278,44489,66672
Oudewater,2019,40500,40500,15750.0,15369,12164,22798
Overbetuwe,2019,382400,244100,72460.0,92738,80032,116114
Papendrecht,2019,,,42539.0,39232,40213,63589
Peel en Maas,2019,525000,466800,73652.0,301535,94952,111032
Pekela,2019,86600,82500,23370.0,41388,23405,29283
Pijnacker-Nootdorp,2019,412700,412500,64149.0,257565,112566,100714
Purmerend,2019,198300,187800,92753.0,32686,76095,135683
Putten,2019,161300,120300,37903.0,45032,42792,59596
Raalte,2019,203100,203000,58728.0,,63847,
Reimerswaal,2019,538100,458300,30205.0,,105142,59443
Renkum,2019,,,57039.0,,181796,95152
Renswoude,2019,35000,25800,7722.0,8463,7945,11812
Reusel-De Mierden,2019,61500,61500,22418.0,23042,20523,30643
Rheden,2019,186200,169100,76059.0,79538,47959,
Rhenen,2019,93000,93000,30085.0,37326,21301,44392
Ridderkerk,2019,277000,188700,62181.0,78336,67522,111145
Rijssen-Holten,2019,243600,171300,57004.0,66479,58726,92156
Rijswijk,2019,230400,199700,78449.0,85364,74287,147425
Roerdalen,2019,115200,95600,38183.0,,24872,52494
Roermond,2019,652800,605800,90950.0,328194,211491,179412
Roosendaal,2019,450500,369900,118309.0,165161,137531,210453
Rotterdam,2019,12146900,11764500,787135.0,7614165,2535621,2012523
Rozendaal,2019,7500,7500,3811.0,,1702,
Rucphen,2019,129400,98400,41399.0,42579,32221,56122
Schagen,2019,276900,276900,71041.0,95247,97433,125413
Scherpenzeel,2019,51200,51200,14636.0,18046,24589,20492
Schiedam,2019,305800,240400,100679.0,102859,88030,164946
Schiermonnikoog,2019,10200,10200,2197.0,4283,2408,6105
Schouwen-Duiveland,2019,253700,248700,58483.0,96456,56183,106429
's-Hertogenbosch,2019,854900,685900,226721.0,254146,269908,435645
Simpelveld,2019,37200,37200,19780.0,17722,8678,25124
Sint Anthonis,2019,71200,71200,20363.0,22414,23717,28748
Sint-Michielsgestel,2019,113100,112700,50115.0,44549,28423,66289
Sittard-Geleen,2019,,,158361.0,,,277909
Sliedrecht,2019,126500,95300,32503.0,40191,33359,54033
Sluis,2019,162100,154300,46111.0,55645,44048,88532
Smallingerland,2019,313800,248600,86389.0,103520,90070,138156
Soest,2019,197100,183800,75555.0,81696,58955,123895
Someren,2019,230900,207900,32261.0,112511,52730,45896
Son en Breugel,2019,167500,141600,29627.0,58308,60409,62566
Stadskanaal,2019,132400,127200,59054.0,,37814,
Staphorst,2019,171900,102200,25416.0,37209,37017,41916
Stede Broec,2019,86600,86600,31043.0,,29921,
Steenbergen,2019,634200,599600,37521.0,454731,74295,56269
Steenwijkerland,2019,237000,208500,73116.0,76491,62913,109140
Stein,2019,,,43511.0,42960,,66580
Stichtse Vecht,2019,449900,288600,98577.0,98768,71300,148639
Súdwest-Fryslân,2019,568600,490700,141885.0,206675,142621,226988
Terneuzen,2019,,,86986.0,,313436,153459
Terschelling,2019,41800,41800,8921.0,14689,9220,22756
Texel,2019,,,23746.0,,27669,59157
Teylingen,2019,168500,146000,50849.0,59433,56689,83017
Tholen,2019,180300,177100,36080.0,65256,34343,54482
Tiel,2019,298500,241100,59883.0,104769,85072,125836
Tilburg,2019,1146300,1022300,287203.0,344609,417068,526891
Tubbergen,2019,111800,111800,36885.0,40220,31461,52661
Twenterand,2019,159500,150000,51728.0,62704,54927,75633
Tynaarlo,2019,169400,137700,60243.0,62434,36388,88064
Tytsjerksteradiel,2019,223800,215100,51269.0,81901,82303,71653
Uden,2019,257500,232100,66469.0,86390,96600,118609
Uitgeest,2019,74500,49000,18654.0,16224,15364,29373
Uithoorn,2019,,,41702.0,,59294,68537
Urk,2019,86400,86400,24401.0,27323,41553,50242
Utrecht,2019,1527300,1244500,395855.0,374130,493554,820202
Utrechtse Heuvelrug,2019,311000,206700,86560.0,88821,60740,142270
Vaals,2019,40600,40600,19425.0,19920,11378,30031
Valkenburg aan de Geul,2019,93200,78700,31700.0,37603,23601,59019
Valkenswaard,2019,144600,135800,52365.0,55240,45704,78696
Veendam,2019,,,49444.0,,96118,73046
Veenendaal,2019,253400,241800,85348.0,95276,95697,149008
Veere,2019,117100,114000,37539.0,46650,32447,71337
Veldhoven,2019,271700,249000,70747.0,80143,132105,111492
Velsen,2019,,,96643.0,,1212439,172415
Venlo,2019,875000,741200,162696.0,352012,279628,331219
Venray,2019,371900,328500,71148.0,135646,118995,124053
Vijfheerenlanden,2019,573700,371000,78754.0,177271,116389,124921
Vlaardingen,2019,263300,239500,97196.0,115336,74073,158334
Vlieland,2019,10200,10200,1948.0,4366,3305,7439
Vlissingen,2019,560100,549700,62820.0,,104657,118716
Voerendaal,2019,57200,43500,23263.0,20266,11662,29534
Voorschoten,2019,70900,70900,37768.0,34306,22103,53953
Voorst,2019,176800,125700,42028.0,48887,34541,67186
Vught,2019,170900,137300,52067.0,55842,37974,86784
Waadhoeke,2019,364800,333500,74926.0,203856,70131,102802
Waalre,2019,83900,64100,31549.0,28194,15880,41542
Waalwijk,2019,346600,278500,74672.0,108333,131875,158601
Waddinxveen,2019,269600,208100,37110.0,110730,68445,67970
Wageningen,2019,151300,151300,51451.0,59693,59449,104288
Wassenaar,2019,153100,147300,55732.0,60527,36836,93937
Waterland,2019,87300,87300,26615.0,25074,16201,36750
Weert,2019,341600,271300,81001.0,98426,113398,138938
Weesp,2019,101600,101600,26381.0,39757,42968,46988
West Betuwe,2019,702000,465500,81445.0,210458,108632,
West Maas en Waal,2019,119400,116800,32623.0,33153,25021,48944
Westerkwartier,2019,452000,369700,107833.0,124332,138772,156023
Westerveld,2019,121700,106900,35401.0,42014,26376,59895
Westervoort,2019,,,20836.0,,10816,
Westerwolde,2019,,,51133.0,,41170,71694
Westland,2019,2469800,2459900,143604.0,1787390,534826,
Weststellingwerf,2019,160700,130700,44181.0,49462,39854,65224
Westvoorne,2019,166500,166500,27119.0,124886,25730,38201
Wierden,2019,156700,122900,37954.0,45658,32994,54817
Wijchen,2019,240700,196700,62094.0,89580,66167,96266
Wijdemeren,2019,100100,100100,42710.0,42241,26732,62875
Wijk bij Duurstede,2019,85200,85200,34553.0,29876,23403,47919
Winterswijk,2019,146600,146600,48019.0,61518,45560,79337
Woensdrecht,2019,177100,129600,36877.0,,47066,62964
Woerden,2019,427800,271400,72707.0,140961,71657,127132
Wormerland,2019,135300,97300,23167.0,39164,40900,31646
Woudenberg,2019,74600,59900,18722.0,19428,15801,29395
Zaanstad,2019,805300,767200,207588.0,390082,254043,339219
Zaltbommel,2019,642700,595400,42464.0,367159,152670,78590
Zandvoort,2019,62300,62300,32713.0,31631,20998,52453
Zeewolde,2019,203900,173300,26553.0,36979,69129,64461
Zeist,2019,309900,257500,102241.0,115249,81906,181477
Zevenaar,2019,321200,275200,67640.0,147372,78767,
Zoetermeer,2019,499900,446300,158314.0,150604,200407,270445
Zoeterwoude,2019,,,11548.0,,28640,
Zuidplas,2019,466400,379300,58950.0,250897,81805,91471
Zundert,2019,120300,120300,39228.0,54109,37531,56860
Zutphen,2019,218800,218800,68081.0,79976,83566,115744
Zwartewaterland,2019,175200,175200,32339.0,65839,70946,49677
Zwijndrecht,2019,274400,248100,62223.0,132543,63759,98034
Zwolle,2019,673500,580800,168327.0,212014,218747,341625
